Workbook

Sheet case1
B1: O-KGLP | D1: NEW 1 | F1: NEW 2 | H1: NEW 3 | J1: NEW 4
B2: response_time | C2: miss_deadline | D2: response_time | E2: miss_deadline | F2: response_time | G2: miss_deadline | H2: response_time | I2: miss_deadline | J2: response_time | K2: miss_deadline
A3: 1 | B3: 1639 | C3: 0 | D3: 1677 | E3: 0 | F3: 1677 | G3: 0 | H3: 1677 | I3: 0 | J3: 1640 | K3: 0
A4: 2 | B4: 1663 | C4: 0 | D4: 1625 | E4: 0 | F4: 1625 | G4: 0 | H4: 1625 | I4: 0 | J4: 1616 | K4: 0
A5: 3 | B5: 1693 | C5: 0 | D5: 1690 | E5: 0 | F5: 1690 | G5: 0 | H5: 1690 | I5: 0 | J5: 1694 | K5: 0
A6: 4 | B6: 1688 | C6: 0 | D6: 1667 | E6: 0 | F6: 1695 | G6: 0 | H6: 1695 | I6: 0 | J6: 1642 | K6: 0
A7: 5 | B7: 1702 | C7: 0 | D7: 1697 | E7: 0 | F7: 1695 | G7: 0 | H7: 1695 | I7: 0 | J7: 1673 | K7: 0
A8: 6 | B8: 1673 | C8: 0 | D8: 1640 | E8: 0 | F8: 1622 | G8: 0 | H8: 1622 | I8: 0 | J8: 1611 | K8: 0
A9: 7 | B9: 1663 | C9: 0 | D9: 1648 | E9: 0 | F9: 1648 | G9: 0 | H9: 1648 | I9: 0 | J9: 1638 | K9: 0
A10: 8 | B10: 1645 | C10: 0 | D10: 1647 | E10: 0 | F10: 1646 | G10: 0 | H10: 1646 | I10: 0 | J10: 1646 | K10: 0
A11: 9 | B11: 1750 | C11: 0 | D11: 1747 | E11: 0 | F11: 1747 | G11: 0 | H11: 1747 | I11: 0 | J11: 1765 | K11: 0
A12: 10 | B12: 1684 | C12: 0 | D12: 1689 | E12: 0 | F12: 1689 | G12: 0 | H12: 1689 | I12: 0 | J12: 1628 | K12: 0
A13: 11 | B13: 1608 | C13: 0 | D13: 1592 | E13: 0 | F13: 1592 | G13: 0 | H13: 1592 | I13: 0 | J13: 1593 | K13: 0
A14: 12 | B14: 1692 | C14: 0 | D14: 1663 | E14: 0 | F14: 1663 | G14: 0 | H14: 1663 | I14: 0 | J14: 1710 | K14: 0
... A52: 50 | B52: 1671 | C52: 0 | D52: 1666 | E52: 0 | F52: 1652 | G52: 0 | H52: 1652 | I52: 0 | J52: 1656 | K52: 0
A53: Average: | B53: =ROUND(AVERAGE(B3:B52),0) -> 1699 | C53: =ROUND(AVERAGE(C3:C52),0) -> 0 | D53: =ROUND(AVERAGE(D3:D52),0) -> 1675 | E53: =ROUND(AVERAGE(E3:E52),0) -> 0 | F53: =ROUND(AVERAGE(F3:F52),0) -> 1672 | G53: =ROUND(AVERAGE(G3:G52),0) -> 0 | H53: =ROUND(AVERAGE(H3:H52),0) -> 1672 | I53: =ROUND(AVERAGE(I3:I52),0) -> 0 | ... K53: =ROUND(AVERAGE(K3:K52),0) -> 0

Sheet case2
B1: O-KGLP | D1: NEW 1 | F1: NEW 2 | H1: NEW 3 | J1: NEW 4
B2: response_time | C2: miss_deadline | D2: response_time | E2: miss_deadline | F2: response_time | G2: miss_deadline | H2: response_time | I2: miss_deadline | J2: response_time | K2: miss_deadline
A3: 1 | B3: 960 | C3: 0 | D3: 890 | E3: 0 | F3: 863 | G3: 0 | H3: 863 | I3: 0 | J3: 874 | K3: 0
A4: 2 | B4: 1014 | C4: 0 | D4: 831 | E4: 0 | F4: 839 | G4: 0 | H4: 839 | I4: 0 | J4: 831 | K4: 0
A5: 3 | B5: 929 | C5: 0 | D5: 889 | E5: 0 | F5: 836 | G5: 0 | H5: 836 | I5: 0 | J5: 881 | K5: 0
A6: 4 | B6: 1134 | C6: 0 | D6: 1130 | E6: 0 | F6: 1119 | G6: 0 | H6: 1119 | I6: 0 | J6: 1076 | K6: 0
A7: 5 | B7: 995 | C7: 0 | D7: 971 | E7: 0 | F7: 976 | G7: 0 | H7: 976 | I7: 0 | J7: 972 | K7: 0
A8: 6 | B8: 910 | C8: 0 | D8: 870 | E8: 0 | F8: 871 | G8: 0 | H8: 871 | I8: 0 | J8: 892 | K8: 0
A9: 7 | B9: 994 | C9: 0 | D9: 906 | E9: 0 | F9: 929 | G9: 0 | H9: 929 | I9: 0 | J9: 906 | K9: 0
A10: 8 | B10: 898 | C10: 0 | D10: 853 | E10: 0 | F10: 853 | G10: 0 | H10: 853 | I10: 0 | J10: 839 | K10: 0
A11: 9 | B11: 941 | C11: 0 | D11: 969 | E11: 0 | F11: 925 | G11: 0 | H11: 925 | I11: 0 | J11: 934 | K11: 0
A12: 10 | B12: 960 | C12: 0 | D12: 911 | E12: 0 | F12: 909 | G12: 0 | H12: 909 | I12: 0 | J12: 911 | K12: 0
A13: 11 | B13: 940 | C13: 0 | D13: 912 | E13: 0 | F13: 924 | G13: 0 | H13: 924 | I13: 0 | J13: 912 | K13: 0
A14: 12 | B14: 891 | C14: 0 | D14: 889 | E14: 0 | F14: 943 | G14: 0 | H14: 943 | I14: 0 | J14: 870 | K14: 0
... A52: 50 | B52: 877 | C52: 0 | D52: 861 | E52: 0 | F52: 840 | G52: 0 | H52: 840 | I52: 0 | J52: 863 | K52: 0
A53: Average: | B53: =ROUND(AVERAGE(B3:B52),0) -> 939 | C53: =ROUND(AVERAGE(C3:C52),0) -> 0 | D53: =ROUND(AVERAGE(D3:D52),0) -> 901 | E53: =ROUND(AVERAGE(E3:E52),0) -> 0 | F53: =ROUND(AVERAGE(F3:F52),0) -> 903 | G53: =ROUND(AVERAGE(G3:G52),0) -> 0 | H53: =ROUND(AVERAGE(H3:H52),0) -> 903 | I53: =ROUND(AVERAGE(I3:I52),0) -> 0 | ... K53: =ROUND(AVERAGE(K3:K52),0) -> 0

Sheet case3
B1: O-KGLP | D1: NEW 1 | F1: NEW 2 | H1: NEW 3 | J1: NEW 4
B2: response_time | C2: miss_deadline | D2: response_time | E2: miss_deadline | F2: response_time | G2: miss_deadline | H2: response_time | I2: miss_deadline | J2: response_time | K2: miss_deadline
A3: 1 | B3: 923 | C3: 0 | D3: 867 | E3: 0 | F3: 880 | G3: 0 | H3: 880 | I3: 0 | J3: 867 | K3: 0
A4: 2 | B4: 824 | C4: 0 | D4: 824 | E4: 0 | F4: 815 | G4: 0 | H4: 815 | I4: 0 | J4: 825 | K4: 0
A5: 3 | B5: 882 | C5: 0 | D5: 882 | E5: 0 | F5: 890 | G5: 0 | H5: 890 | I5: 0 | J5: 882 | K5: 0
A6: 4 | B6: 860 | C6: 0 | D6: 851 | E6: 0 | F6: 855 | G6: 0 | H6: 855 | I6: 0 | J6: 846 | K6: 0
A7: 5 | B7: 978 | C7: 0 | D7: 879 | E7: 0 | F7: 929 | G7: 0 | H7: 929 | I7: 0 | J7: 951 | K7: 0
A8: 6 | B8: 866 | C8: 0 | D8: 913 | E8: 0 | F8: 859 | G8: 0 | H8: 859 | I8: 0 | J8: 871 | K8: 0
A9: 7 | B9: 975 | C9: 0 | D9: 919 | E9: 0 | F9: 865 | G9: 0 | H9: 865 | I9: 0 | J9: 894 | K9: 0
A10: 8 | B10: 841 | C10: 0 | D10: 825 | E10: 0 | F10: 812 | G10: 0 | H10: 789 | I10: 0 | J10: 829 | K10: 0
A11: 9 | B11: 978 | C11: 0 | D11: 915 | E11: 0 | F11: 886 | G11: 0 | H11: 886 | I11: 0 | J11: 924 | K11: 0
A12: 10 | B12: 1066 | C12: 0 | D12: 906 | E12: 0 | F12: 927 | G12: 0 | H12: 927 | I12: 0 | J12: 907 | K12: 0
A13: 11 | B13: 882 | C13: 0 | D13: 835 | E13: 0 | F13: 799 | G13: 0 | H13: 799 | I13: 0 | J13: 835 | K13: 0
A14: 12 | B14: 888 | C14: 0 | D14: 862 | E14: 0 | F14: 838 | G14: 0 | H14: 838 | I14: 0 | J14: 862 | K14: 0
... A52: 50 | B52: 909 | C52: 0 | D52: 807 | E52: 0 | F52: 813 | G52: 0 | H52: 813 | I52: 0 | J52: 819 | K52: 0
A53: Average: | B53: =ROUND(AVERAGE(B3:B52),0) -> 948 | C53: =ROUND(AVERAGE(C3:C52),0) -> 0 | D53: =ROUND(AVERAGE(D3:D52),0) -> 871 | E53: =ROUND(AVERAGE(E3:E52),0) -> 0 | F53: =ROUND(AVERAGE(F3:F52),0) -> 856 | G53: =ROUND(AVERAGE(G3:G52),0) -> 0 | H53: =ROUND(AVERAGE(H3:H52),0) -> 856 | I53: =ROUND(AVERAGE(I3:I52),0) -> 0 | ... K53: =ROUND(AVERAGE(K3:K52),0) -> 0

Sheet case4
B1: O-KGLP | D1: NEW 1 | F1: NEW 2 | H1: NEW 3 | J1: NEW 4
B2: response_time | C2: miss_deadline | D2: response_time | E2: miss_deadline | F2: response_time | G2: miss_deadline | H2: response_time | I2: miss_deadline | J2: response_time | K2: miss_deadline
A3: 1 | B3: 560 | C3: 0 | D3: 586 | E3: 0 | F3: 582 | G3: 0 | H3: 582 | I3: 0 | J3: 585 | K3: 0
A4: 2 | B4: 666 | C4: 0 | D4: 467 | E4: 0 | F4: 522 | G4: 0 | H4: 522 | I4: 0 | J4: 556 | K4: 0
A5: 3 | B5: 737 | C5: 0 | D5: 568 | E5: 0 | F5: 555 | G5: 0 | H5: 555 | I5: 0 | J5: 583 | K5: 0
A6: 4 | B6: 494 | C6: 0 | D6: 509 | E6: 0 | F6: 521 | G6: 0 | H6: 521 | I6: 0 | J6: 521 | K6: 0
A7: 5 | B7: 547 | C7: 0 | D7: 503 | E7: 0 | F7: 517 | G7: 0 | H7: 517 | I7: 0 | J7: 490 | K7: 0
A8: 6 | B8: 535 | C8: 0 | D8: 477 | E8: 0 | F8: 533 | G8: 0 | H8: 533 | I8: 0 | J8: 493 | K8: 0
A9: 7 | B9: 639 | C9: 0 | D9: 647 | E9: 0 | F9: 574 | G9: 0 | H9: 574 | I9: 0 | J9: 638 | K9: 0
A10: 8 | B10: 683 | C10: 0 | D10: 678 | E10: 0 | F10: 625 | G10: 0 | H10: 625 | I10: 0 | J10: 728 | K10: 0
A11: 9 | B11: 805 | C11: 0 | D11: 676 | E11: 0 | F11: 692 | G11: 0 | H11: 692 | I11: 0 | J11: 674 | K11: 0
A12: 10 | B12: 589 | C12: 0 | D12: 487 | E12: 0 | F12: 501 | G12: 0 | H12: 501 | I12: 0 | J12: 533 | K12: 0
A13: 11 | B13: 703 | C13: 0 | D13: 643 | E13: 0 | F13: 643 | G13: 0 | H13: 643 | I13: 0 | J13: 621 | K13: 0
A14: 12 | B14: 689 | C14: 0 | D14: 589 | E14: 0 | F14: 609 | G14: 0 | H14: 609 | I14: 0 | J14: 590 | K14: 0
... A52: 50 | B52: 720 | C52: 0 | D52: 651 | E52: 0 | F52: 613 | G52: 0 | H52: 613 | I52: 0 | J52: 660 | K52: 0
A53: Average: | B53: =ROUND(AVERAGE(B3:B52),0) -> 624 | C53: =ROUND(AVERAGE(C3:C52),0) -> 0 | D53: =ROUND(AVERAGE(D3:D52),0) -> 553 | E53: =ROUND(AVERAGE(E3:E52),0) -> 0 | F53: =ROUND(AVERAGE(F3:F52),0) -> 555 | G53: =ROUND(AVERAGE(G3:G52),0) -> 0 | H53: =ROUND(AVERAGE(H3:H52),0) -> 555 | I53: =ROUND(AVERAGE(I3:I52),0) -> 0 | ... K53: =ROUND(AVERAGE(K3:K52),0) -> 0

Sheet case5
B1: O-KGLP | D1: NEW 1 | F1: NEW 2 | H1: NEW 3 | J1: NEW 4
B2: response_time | C2: miss_deadline | D2: response_time | E2: miss_deadline | F2: response_time | G2: miss_deadline | H2: response_time | I2: miss_deadline | J2: response_time | K2: miss_deadline
A3: 1 | B3: 876 | C3: 0 | D3: 677 | E3: 0 | F3: 720 | G3: 0 | H3: 720 | I3: 0 | J3: 740 | K3: 0
A4: 2 | B4: 722 | C4: 0 | D4: 563 | E4: 0 | F4: 525 | G4: 0 | H4: 525 | I4: 0 | J4: 556 | K4: 0
A5: 3 | B5: 652 | C5: 0 | D5: 521 | E5: 0 | F5: 474 | G5: 0 | H5: 474 | I5: 0 | J5: 537 | K5: 0
A6: 4 | B6: 543 | C6: 0 | D6: 453 | E6: 0 | F6: 491 | G6: 0 | H6: 491 | I6: 0 | J6: 446 | K6: 0
A7: 5 | B7: 546 | C7: 0 | D7: 483 | E7: 0 | F7: 509 | G7: 0 | H7: 509 | I7: 0 | J7: 482 | K7: 0
A8: 6 | B8: 599 | C8: 0 | D8: 653 | E8: 0 | F8: 626 | G8: 0 | H8: 626 | I8: 0 | J8: 653 | K8: 0
A9: 7 | B9: 600 | C9: 0 | D9: 543 | E9: 0 | F9: 537 | G9: 0 | H9: 537 | I9: 0 | J9: 493 | K9: 0
A10: 8 | B10: 658 | C10: 0 | D10: 614 | E10: 0 | F10: 593 | G10: 0 | H10: 593 | I10: 0 | J10: 626 | K10: 0
A11: 9 | B11: 674 | C11: 0 | D11: 581 | E11: 0 | F11: 548 | G11: 0 | H11: 548 | I11: 0 | J11: 526 | K11: 0
A12: 10 | B12: 651 | C12: 0 | D12: 614 | E12: 0 | F12: 562 | G12: 0 | H12: 562 | I12: 0 | J12: 597 | K12: 0
A13: 11 | B13: 614 | C13: 0 | D13: 536 | E13: 0 | F13: 552 | G13: 0 | H13: 552 | I13: 0 | J13: 553 | K13: 0
A14: 12 | B14: 500 | C14: 0 | D14: 460 | E14: 0 | F14: 470 | G14: 0 | H14: 470 | I14: 0 | J14: 459 | K14: 0
... A52: 50 | B52: 657 | C52: 0 | D52: 582 | E52: 0 | F52: 560 | G52: 0 | H52: 560 | I52: 0 | J52: 554 | K52: 0
A53: Average: | B53: =ROUND(AVERAGE(B3:B52),0) -> 602 | C53: =ROUND(AVERAGE(C3:C52),0) -> 0 | D53: =ROUND(AVERAGE(D3:D52),0) -> 542 | E53: =ROUND(AVERAGE(E3:E52),0) -> 0 | F53: =ROUND(AVERAGE(F3:F52),0) -> 535 | G53: =ROUND(AVERAGE(G3:G52),0) -> 0 | H53: =ROUND(AVERAGE(H3:H52),0) -> 535 | I53: =ROUND(AVERAGE(I3:I52),0) -> 0 | ... K53: =ROUND(AVERAGE(K3:K52),0) -> 0

Sheet all
B1: O-KGLP | C1: NEW 1 | D1: NEW 2 | E1: NEW 3 | F1: NEW 4 | H1: NEW 1 | I1: NEW 2 | J1: NEW 3 | K1: NEW 4
A2: 4, 2 | B2: =case1!B53 -> 1699 | C2: =case1!D53 -> 1675 | D2: =case1!F53 -> 1672 | E2: =case1!H53 -> 1672 | F2: =case1!J53 -> 1668 | G2: 4, 2 | H2: =ROUND((1-C2/$B2)*100,2) -> 1.41 | I2: =ROUND((1-D2/$B2)*100,2) -> 1.59 | J2: =ROUND((1-E2/$B2)*100,2) -> 1.59 | K2: =ROUND((1-F2/$B2)*100,2) -> 1.82
A3: 8, 4 | B3: =case2!B53 -> 939 | C3: =case2!D53 -> 901 | D3: =case2!F53 -> 903 | E3: =case2!H53 -> 903 | F3: =case2!J53 -> 898 | G3: 8, 4 | H3: =ROUND((1-C3/$B3)*100,2) -> 4.05 | I3: =ROUND((1-D3/$B3)*100,2) -> 3.83 | J3: =ROUND((1-E3/$B3)*100,2) -> 3.83 | K3: =ROUND((1-F3/$B3)*100,2) -> 4.37
A4: 16, 4 | B4: =case3!B53 -> 948 | C4: =case3!D53 -> 871 | D4: =case3!F53 -> 856 | E4: =case3!H53 -> 856 | F4: =case3!J53 -> 873 | G4: 16, 4 | H4: =ROUND((1-C4/$B4)*100,2) -> 8.12 | I4: =ROUND((1-D4/$B4)*100,2) -> 9.7 | J4: =ROUND((1-E4/$B4)*100,2) -> 9.7 | K4: =ROUND((1-F4/$B4)*100,2) -> 7.91
A5: 32, 8 | B5: =case4!B53 -> 624 | C5: =case4!D53 -> 553 | D5: =case4!F53 -> 555 | E5: =case4!H53 -> 555 | F5: =case4!J53 -> 557 | G5: 32, 8 | H5: =ROUND((1-C5/$B5)*100,2) -> 11.38 | I5: =ROUND((1-D5/$B5)*100,2) -> 11.06 | J5: =ROUND((1-E5/$B5)*100,2) -> 11.06 | K5: =ROUND((1-F5/$B5)*100,2) -> 10.74
A6: 64, 8 | B6: =case5!B53 -> 602 | C6: =case5!D53 -> 542 | D6: =case5!F53 -> 535 | E6: =case5!H53 -> 535 | F6: =case5!J53 -> 537 | G6: 64, 8 | H6: =ROUND((1-C6/$B6)*100,2) -> 9.97 | I6: =ROUND((1-D6/$B6)*100,2) -> 11.13 | J6: =ROUND((1-E6/$B6)*100,2) -> 11.13 | K6: =ROUND((1-F6/$B6)*100,2) -> 10.8
H7: % benefit compared to O-KGLP
H8: =ROUND(AVERAGE(H2:H6),2) -> 6.99 | I8: =ROUND(AVERAGE(I2:I6),2) -> 7.46 | J8: =ROUND(AVERAGE(J2:J6),2) -> 7.46 | K8: =ROUND(AVERAGE(K2:K6),2) -> 7.13
H9: =ROUND(AVERAGE(H8:K8),2) -> 7.26
